{
  "Stage1": {
    "Expert1": {
      "All": {
        "ACC": 0.9191597538132191,
        "F1": 0.8118372005167453,
        "Rec": 0.8027343809461117,
        "Pre": 0.838834679282819
      },
      "Common": {
        "ACC": 0.9227197346600333,
        "F1": 0.9005106803591028,
        "Rec": 0.8951913065756816,
        "Pre": 0.9110840283323359
      },
      "Fewer": {
        "ACC": 0.8492462311557789,
        "F1": 0.8697514586153838,
        "Rec": 0.849072535651483,
        "Pre": 0.9107316505304122
      },
      "Rare": {
        "ACC": 0.6153846153846154,
        "F1": 0.612768959435626,
        "Rec": 0.61,
        "Pre": 0.6505555555555556
      }
    },
    "Expert2": {
      "All": {
        "ACC": 0.9186245651592186,
        "F1": 0.8189908582679937,
        "Rec": 0.8082069085459812,
        "Pre": 0.8495820706520298
      },
      "Common": {
        "ACC": 0.9221116639027086,
        "F1": 0.8967286773456321,
        "Rec": 0.8899406844778175,
        "Pre": 0.9096071759302958
      },
      "Fewer": {
        "ACC": 0.8542713567839195,
        "F1": 0.8761365501228171,
        "Rec": 0.8578128012338538,
        "Pre": 0.9060789648947545
      },
      "Rare": {
        "ACC": 0.6,
        "F1": 0.6377449094115761,
        "Rec": 0.6287037037037038,
        "Pre": 0.696574074074074
      }
    },
    "Expert3": {
      "All": {
        "ACC": 0.9187048434573185,
        "F1": 0.8161383297446048,
        "Rec": 0.7960838696983549,
        "Pre": 0.8565982031412676
      },
      "Common": {
        "ACC": 0.9229132117191818,
        "F1": 0.8962191568740977,
        "Rec": 0.8869795000131264,
        "Pre": 0.9107429625393617
      },
      "Fewer": {
        "ACC": 0.8271356783919599,
        "F1": 0.8593532728306169,
        "Rec": 0.8284223963171332,
        "Pre": 0.9102498378814168
      },
      "Rare": {
        "ACC": 0.6051282051282051,
        "F1": 0.6459523809523811,
        "Rec": 0.6205555555555555,
        "Pre": 0.7157407407407408
      }
    },
    "Fused": {
      "All": {
        "ACC": 0.9313888145571314,
        "F1": 0.8404601974138857,
        "Rec": 0.81959550813728,
        "Pre": 0.8828551932887443
      },
      "Common": {
        "ACC": 0.9349917081260365,
        "F1": 0.9187459447899456,
        "Rec": 0.9076863439440288,
        "Pre": 0.9343831103895681
      },
      "Fewer": {
        "ACC": 0.8623115577889446,
        "F1": 0.8907407366753528,
        "Rec": 0.8614994946573896,
        "Pre": 0.9389224810277442
      },
      "Rare": {
        "ACC": 0.6153846153846153,
        "F1": 0.6656084656084655,
        "Rec": 0.6383333333333333,
        "Pre": 0.7435185185185185
      }
    }
  },
  "Stage2": {
    "Expert1": {
      "All": {
        "ACC": 0.9191597538132191,
        "F1": 0.8118372005167453,
        "Rec": 0.8027343809461117,
        "Pre": 0.838834679282819
      },
      "Common": {
        "ACC": 0.9227197346600333,
        "F1": 0.9005106803591028,
        "Rec": 0.8951913065756816,
        "Pre": 0.9110840283323359
      },
      "Fewer": {
        "ACC": 0.8492462311557789,
        "F1": 0.8697514586153838,
        "Rec": 0.849072535651483,
        "Pre": 0.9107316505304122
      },
      "Rare": {
        "ACC": 0.6153846153846154,
        "F1": 0.612768959435626,
        "Rec": 0.61,
        "Pre": 0.6505555555555556
      }
    },
    "Expert2": {
      "All": {
        "ACC": 0.9186245651592186,
        "F1": 0.8189908582679937,
        "Rec": 0.8082069085459812,
        "Pre": 0.8495820706520298
      },
      "Common": {
        "ACC": 0.9221116639027086,
        "F1": 0.8967286773456321,
        "Rec": 0.8899406844778175,
        "Pre": 0.9096071759302958
      },
      "Fewer": {
        "ACC": 0.8542713567839195,
        "F1": 0.8761365501228171,
        "Rec": 0.8578128012338538,
        "Pre": 0.9060789648947545
      },
      "Rare": {
        "ACC": 0.6,
        "F1": 0.6377449094115761,
        "Rec": 0.6287037037037038,
        "Pre": 0.696574074074074
      }
    },
    "Expert3": {
      "All": {
        "ACC": 0.9187048434573185,
        "F1": 0.8161383297446048,
        "Rec": 0.7960838696983549,
        "Pre": 0.8565982031412676
      },
      "Common": {
        "ACC": 0.9229132117191818,
        "F1": 0.8962191568740977,
        "Rec": 0.8869795000131264,
        "Pre": 0.9107429625393617
      },
      "Fewer": {
        "ACC": 0.8271356783919599,
        "F1": 0.8593532728306169,
        "Rec": 0.8284223963171332,
        "Pre": 0.9102498378814168
      },
      "Rare": {
        "ACC": 0.6051282051282051,
        "F1": 0.6459523809523811,
        "Rec": 0.6205555555555555,
        "Pre": 0.7157407407407408
      }
    },
    "Fused": {
      "All": {
        "ACC": 0.9315493711533316,
        "F1": 0.8400867538378863,
        "Rec": 0.8189453470922139,
        "Pre": 0.8828575349150999
      },
      "Common": {
        "ACC": 0.9352128247650635,
        "F1": 0.9188434079571062,
        "Rec": 0.9078635494544904,
        "Pre": 0.9343885463078934
      },
      "Fewer": {
        "ACC": 0.8603015075376884,
        "F1": 0.8893195366163817,
        "Rec": 0.8590141145404304,
        "Pre": 0.9389224810277442
      },
      "Rare": {
        "ACC": 0.6153846153846153,
        "F1": 0.6656084656084655,
        "Rec": 0.6383333333333333,
        "Pre": 0.7435185185185185
      }
    }
  }
}