{
  "seed": "1",
  "Stage1": {
    "Expert1": {
      "All": {
        "ACC": 0.9193203104094193,
        "F1": 0.7816683093567212,
        "Pre": 0.8157073048880453,
        "Rec": 0.7659746410703565
      },
      "Common": {
        "ACC": 0.9242675511332228,
        "F1": 0.8902638853958187,
        "Pre": 0.9033323308947636,
        "Rec": 0.8844761793412331
      },
      "Fewer": {
        "ACC": 0.8190954773869347,
        "F1": 0.8601555831057217,
        "Pre": 0.9154913799650641,
        "Rec": 0.8222641393694026
      },
      "Rare": {
        "ACC": 0.5128205128205128,
        "F1": 0.5298941798941799,
        "Pre": 0.574074074074074,
        "Rec": 0.5222222222222221
      },
      "aupr": 0.8671598267532263
    },
    "Expert2": {
      "All": {
        "ACC": 0.9157077869949157,
        "F1": 0.8043031861878502,
        "Pre": 0.8427621851039013,
        "Rec": 0.7963289066378018
      },
      "Common": {
        "ACC": 0.9195688225538972,
        "F1": 0.8925242048473451,
        "Pre": 0.8882687517405933,
        "Rec": 0.8997792397820321
      },
      "Fewer": {
        "ACC": 0.8592964824120602,
        "F1": 0.8555629491132252,
        "Pre": 0.8635798412114201,
        "Rec": 0.8570645728540466
      },
      "Rare": {
        "ACC": 0.48717948717948717,
        "F1": 0.6129629629629629,
        "Pre": 0.75,
        "Rec": 0.5712962962962963
      },
      "aupr": 0.8507565337313698
    },
    "Expert3": {
      "All": {
        "ACC": 0.9181161359379181,
        "F1": 0.792955378047461,
        "Pre": 0.8476489914273881,
        "Rec": 0.7609851845197253
      },
      "Common": {
        "ACC": 0.9235765616362631,
        "F1": 0.8937573473781982,
        "Pre": 0.9178110962252317,
        "Rec": 0.8754020157500572
      },
      "Fewer": {
        "ACC": 0.7989949748743719,
        "F1": 0.8409894004421143,
        "Pre": 0.8981652850073903,
        "Rec": 0.8010235378656433
      },
      "Rare": {
        "ACC": 0.5128205128205128,
        "F1": 0.5854497354497354,
        "Pre": 0.6851851851851851,
        "Rec": 0.5407407407407407
      },
      "aupr": 0.8517716310540187
    },
    "Fused": {
      "All": {
        "ACC": 0.9308268664704308,
        "F1": 0.8240776679525659,
        "Pre": 0.8876712422110274,
        "Rec": 0.7982688262155317
      },
      "Common": {
        "ACC": 0.9350469872857933,
        "F1": 0.9191881275111571,
        "Pre": 0.9321665016338603,
        "Rec": 0.9096025030502126
      },
      "Fewer": {
        "ACC": 0.8592964824120602,
        "F1": 0.8856726761370725,
        "Pre": 0.9525246683141421,
        "Rec": 0.8536107167686116
      },
      "Rare": {
        "ACC": 0.5128205128205128,
        "F1": 0.6111111111111112,
        "Pre": 0.75,
        "Rec": 0.5666666666666667
      },
      "aupr": 0.8900137826488547
    }
  },
  "Stage2": {
    "Expert1": {
      "All": {
        "ACC": 0.9193203104094193,
        "F1": 0.7816683093567212,
        "Pre": 0.8157073048880453,
        "Rec": 0.7659746410703565
      },
      "Common": {
        "ACC": 0.9242675511332228,
        "F1": 0.8902638853958187,
        "Pre": 0.9033323308947636,
        "Rec": 0.8844761793412331
      },
      "Fewer": {
        "ACC": 0.8190954773869347,
        "F1": 0.8601555831057217,
        "Pre": 0.9154913799650641,
        "Rec": 0.8222641393694026
      },
      "Rare": {
        "ACC": 0.5128205128205128,
        "F1": 0.5298941798941799,
        "Pre": 0.574074074074074,
        "Rec": 0.5222222222222221
      },
      "aupr": 0.8671598267532263
    },
    "Expert2": {
      "All": {
        "ACC": 0.9157077869949157,
        "F1": 0.8043031861878502,
        "Pre": 0.8427621851039013,
        "Rec": 0.7963289066378018
      },
      "Common": {
        "ACC": 0.9195688225538972,
        "F1": 0.8925242048473451,
        "Pre": 0.8882687517405933,
        "Rec": 0.8997792397820321
      },
      "Fewer": {
        "ACC": 0.8592964824120602,
        "F1": 0.8555629491132252,
        "Pre": 0.8635798412114201,
        "Rec": 0.8570645728540466
      },
      "Rare": {
        "ACC": 0.48717948717948717,
        "F1": 0.6129629629629629,
        "Pre": 0.75,
        "Rec": 0.5712962962962963
      },
      "aupr": 0.8507565337313698
    },
    "Expert3": {
      "All": {
        "ACC": 0.9181161359379181,
        "F1": 0.792955378047461,
        "Pre": 0.8476489914273881,
        "Rec": 0.7609851845197253
      },
      "Common": {
        "ACC": 0.9235765616362631,
        "F1": 0.8937573473781982,
        "Pre": 0.9178110962252317,
        "Rec": 0.8754020157500572
      },
      "Fewer": {
        "ACC": 0.7989949748743719,
        "F1": 0.8409894004421143,
        "Pre": 0.8981652850073903,
        "Rec": 0.8010235378656433
      },
      "Rare": {
        "ACC": 0.5128205128205128,
        "F1": 0.5854497354497354,
        "Pre": 0.6851851851851851,
        "Rec": 0.5407407407407407
      },
      "aupr": 0.8517716310540187
    },
    "Fused": {
      "All": {
        "ACC": 0.9308268664704308,
        "F1": 0.8240776679525659,
        "Pre": 0.8876712422110274,
        "Rec": 0.7982688262155317
      },
      "Common": {
        "ACC": 0.9350469872857933,
        "F1": 0.9191881275111571,
        "Pre": 0.9321665016338603,
        "Rec": 0.9096025030502126
      },
      "Fewer": {
        "ACC": 0.8592964824120602,
        "F1": 0.8856726761370725,
        "Pre": 0.9525246683141421,
        "Rec": 0.8536107167686116
      },
      "Rare": {
        "ACC": 0.5128205128205128,
        "F1": 0.6111111111111112,
        "Pre": 0.75,
        "Rec": 0.5666666666666667
      },
      "aupr": 0.8900137826488547
    }
  }
}