{
  "seed": "0",
  "Stage1": {
    "Expert1": {
      "All": {
        "ACC": 0.918918918918919,
        "F1": 0.82900115558771,
        "Pre": 0.8681260234814481,
        "Rec": 0.808274975986209
      },
      "Common": {
        "ACC": 0.9223327805417357,
        "F1": 0.905271188135658,
        "Pre": 0.931620175302411,
        "Rec": 0.8852440290379627
      },
      "Fewer": {
        "ACC": 0.8492462311557789,
        "F1": 0.8608699718131767,
        "Pre": 0.8864645588329798,
        "Rec": 0.8544407347038927
      },
      "Rare": {
        "ACC": 0.6410256410256411,
        "F1": 0.6767195767195767,
        "Pre": 0.75,
        "Rec": 0.6398148148148147
      },
      "aupr": 0.8893526882724117
    },
    "Expert2": {
      "All": {
        "ACC": 0.9165105699759165,
        "F1": 0.8140528680760545,
        "Pre": 0.8570131287399304,
        "Rec": 0.7945765143995268
      },
      "Common": {
        "ACC": 0.9212271973466003,
        "F1": 0.8953581920683641,
        "Pre": 0.9121530572331327,
        "Rec": 0.8857011567188644
      },
      "Fewer": {
        "ACC": 0.7989949748743719,
        "F1": 0.8470214235278599,
        "Pre": 0.9034509350298824,
        "Rec": 0.8112898797109324
      },
      "Rare": {
        "ACC": 0.6410256410256411,
        "F1": 0.6527777777777778,
        "Pre": 0.7222222222222222,
        "Rec": 0.6351851851851852
      },
      "aupr": 0.8867168076565658
    },
    "Expert3": {
      "All": {
        "ACC": 0.9179823387744179,
        "F1": 0.8030051721127209,
        "Pre": 0.8486820637459365,
        "Rec": 0.7837313806581635
      },
      "Common": {
        "ACC": 0.9226091763405196,
        "F1": 0.8931754639154728,
        "Pre": 0.9134472127026313,
        "Rec": 0.8800282675368704
      },
      "Fewer": {
        "ACC": 0.8190954773869347,
        "F1": 0.8416413211818695,
        "Pre": 0.877428711639238,
        "Rec": 0.8237762237762238
      },
      "Rare": {
        "ACC": 0.5641025641025641,
        "F1": 0.6219576719576719,
        "Pre": 0.7175925925925926,
        "Rec": 0.5916666666666666
      },
      "aupr": 0.8789698780078988
    },
    "Fused": {
      "All": {
        "ACC": 0.9312282579609312,
        "F1": 0.839683078625028,
        "Pre": 0.893004436448443,
        "Rec": 0.8083297169488348
      },
      "Common": {
        "ACC": 0.935461580983969,
        "F1": 0.9213304643132404,
        "Pre": 0.9427850043514479,
        "Rec": 0.9059404179133702
      },
      "Fewer": {
        "ACC": 0.8391959798994975,
        "F1": 0.8776318027743805,
        "Pre": 0.92880569722675,
        "Rec": 0.8416719245666615
      },
      "Rare": {
        "ACC": 0.6153846153846154,
        "F1": 0.6726190476190476,
        "Pre": 0.7777777777777778,
        "Rec": 0.6212962962962963
      },
      "aupr": 0.9146798066654379
    }
  },
  "Stage2": {
    "Expert1": {
      "All": {
        "ACC": 0.918918918918919,
        "F1": 0.82900115558771,
        "Pre": 0.8681260234814481,
        "Rec": 0.808274975986209
      },
      "Common": {
        "ACC": 0.9223327805417357,
        "F1": 0.905271188135658,
        "Pre": 0.931620175302411,
        "Rec": 0.8852440290379627
      },
      "Fewer": {
        "ACC": 0.8492462311557789,
        "F1": 0.8608699718131767,
        "Pre": 0.8864645588329798,
        "Rec": 0.8544407347038927
      },
      "Rare": {
        "ACC": 0.6410256410256411,
        "F1": 0.6767195767195767,
        "Pre": 0.75,
        "Rec": 0.6398148148148147
      },
      "aupr": 0.8893526882724117
    },
    "Expert2": {
      "All": {
        "ACC": 0.9165105699759165,
        "F1": 0.8140528680760545,
        "Pre": 0.8570131287399304,
        "Rec": 0.7945765143995268
      },
      "Common": {
        "ACC": 0.9212271973466003,
        "F1": 0.8953581920683641,
        "Pre": 0.9121530572331327,
        "Rec": 0.8857011567188644
      },
      "Fewer": {
        "ACC": 0.7989949748743719,
        "F1": 0.8470214235278599,
        "Pre": 0.9034509350298824,
        "Rec": 0.8112898797109324
      },
      "Rare": {
        "ACC": 0.6410256410256411,
        "F1": 0.6527777777777778,
        "Pre": 0.7222222222222222,
        "Rec": 0.6351851851851852
      },
      "aupr": 0.8867168076565658
    },
    "Expert3": {
      "All": {
        "ACC": 0.9179823387744179,
        "F1": 0.8030051721127209,
        "Pre": 0.8486820637459365,
        "Rec": 0.7837313806581635
      },
      "Common": {
        "ACC": 0.9226091763405196,
        "F1": 0.8931754639154728,
        "Pre": 0.9134472127026313,
        "Rec": 0.8800282675368704
      },
      "Fewer": {
        "ACC": 0.8190954773869347,
        "F1": 0.8416413211818695,
        "Pre": 0.877428711639238,
        "Rec": 0.8237762237762238
      },
      "Rare": {
        "ACC": 0.5641025641025641,
        "F1": 0.6219576719576719,
        "Pre": 0.7175925925925926,
        "Rec": 0.5916666666666666
      },
      "aupr": 0.8789698780078988
    },
    "Fused": {
      "All": {
        "ACC": 0.9313620551244314,
        "F1": 0.839726376153201,
        "Pre": 0.8930139439910635,
        "Rec": 0.8084002885790396
      },
      "Common": {
        "ACC": 0.935599778883361,
        "F1": 0.9214309764322136,
        "Pre": 0.9428070754325314,
        "Rec": 0.9061042449120595
      },
      "Fewer": {
        "ACC": 0.8391959798994975,
        "F1": 0.8776318027743805,
        "Pre": 0.92880569722675,
        "Rec": 0.8416719245666615
      },
      "Rare": {
        "ACC": 0.6153846153846154,
        "F1": 0.6726190476190476,
        "Pre": 0.7777777777777778,
        "Rec": 0.6212962962962963
      },
      "aupr": 0.9146899479215336
    }
  }
}