{
  "seed": "3",
  "Stage1": {
    "Expert1": {
      "All": {
        "ACC": 0.9151725983409151,
        "F1": 0.8281771647894535,
        "Pre": 0.8500281431710659,
        "Rec": 0.8219466527073652
      },
      "Common": {
        "ACC": 0.9192924267551134,
        "F1": 0.9001917784372201,
        "Pre": 0.898236267402086,
        "Rec": 0.9064463537480077
      },
      "Fewer": {
        "ACC": 0.8040201005025126,
        "F1": 0.8532558000413998,
        "Pre": 0.9412919553786427,
        "Rec": 0.7980369046158519
      },
      "Rare": {
        "ACC": 0.717948717948718,
        "F1": 0.6896825396825397,
        "Pre": 0.6787037037037036,
        "Rec": 0.7157407407407407
      },
      "aupr": 0.8785008681298485
    },
    "Expert2": {
      "All": {
        "ACC": 0.9162429756489162,
        "F1": 0.837491144438763,
        "Pre": 0.8602235436187089,
        "Rec": 0.8290178271275094
      },
      "Common": {
        "ACC": 0.9194306246545052,
        "F1": 0.9025119093686429,
        "Pre": 0.9142319636314545,
        "Rec": 0.8946749849296045
      },
      "Fewer": {
        "ACC": 0.8492462311557789,
        "F1": 0.8840698345754486,
        "Pre": 0.926721158958001,
        "Rec": 0.8518557465925888
      },
      "Rare": {
        "ACC": 0.6666666666666666,
        "F1": 0.6871813371813372,
        "Pre": 0.7060185185185185,
        "Rec": 0.7027777777777778
      },
      "aupr": 0.9014148508818653
    },
    "Expert3": {
      "All": {
        "ACC": 0.9173133529569173,
        "F1": 0.8409056920350985,
        "Pre": 0.8671530396457232,
        "Rec": 0.8321968127924064
      },
      "Common": {
        "ACC": 0.9208126036484245,
        "F1": 0.9050653064791598,
        "Pre": 0.9124484155564309,
        "Rec": 0.9009011647837928
      },
      "Fewer": {
        "ACC": 0.8241206030150754,
        "F1": 0.8540297479151967,
        "Pre": 0.9201609793715058,
        "Rec": 0.8219768535558009
      },
      "Rare": {
        "ACC": 0.7435897435897436,
        "F1": 0.7272486772486773,
        "Pre": 0.7407407407407407,
        "Rec": 0.7361111111111112
      },
      "aupr": 0.8891995048707814
    },
    "Fused": {
      "All": {
        "ACC": 0.9284185175274284,
        "F1": 0.846735630169281,
        "Pre": 0.8776258064269797,
        "Rec": 0.8316571885054032
      },
      "Common": {
        "ACC": 0.9320066334991708,
        "F1": 0.9232499795972259,
        "Pre": 0.9339420811590905,
        "Rec": 0.9154442768776325
      },
      "Fewer": {
        "ACC": 0.8492462311557789,
        "F1": 0.8813863337791968,
        "Pre": 0.9418578497525866,
        "Rec": 0.8460672368567106
      },
      "Rare": {
        "ACC": 0.6666666666666666,
        "F1": 0.691137566137566,
        "Pre": 0.7222222222222222,
        "Rec": 0.6861111111111111
      },
      "aupr": 0.9265281270440747
    }
  },
  "Stage2": {
    "Expert1": {
      "All": {
        "ACC": 0.9151725983409151,
        "F1": 0.8281771647894535,
        "Pre": 0.8500281431710659,
        "Rec": 0.8219466527073652
      },
      "Common": {
        "ACC": 0.9192924267551134,
        "F1": 0.9001917784372201,
        "Pre": 0.898236267402086,
        "Rec": 0.9064463537480077
      },
      "Fewer": {
        "ACC": 0.8040201005025126,
        "F1": 0.8532558000413998,
        "Pre": 0.9412919553786427,
        "Rec": 0.7980369046158519
      },
      "Rare": {
        "ACC": 0.717948717948718,
        "F1": 0.6896825396825397,
        "Pre": 0.6787037037037036,
        "Rec": 0.7157407407407407
      },
      "aupr": 0.8785008681298485
    },
    "Expert2": {
      "All": {
        "ACC": 0.9162429756489162,
        "F1": 0.837491144438763,
        "Pre": 0.8602235436187089,
        "Rec": 0.8290178271275094
      },
      "Common": {
        "ACC": 0.9194306246545052,
        "F1": 0.9025119093686429,
        "Pre": 0.9142319636314545,
        "Rec": 0.8946749849296045
      },
      "Fewer": {
        "ACC": 0.8492462311557789,
        "F1": 0.8840698345754486,
        "Pre": 0.926721158958001,
        "Rec": 0.8518557465925888
      },
      "Rare": {
        "ACC": 0.6666666666666666,
        "F1": 0.6871813371813372,
        "Pre": 0.7060185185185185,
        "Rec": 0.7027777777777778
      },
      "aupr": 0.9014148508818653
    },
    "Expert3": {
      "All": {
        "ACC": 0.9173133529569173,
        "F1": 0.8409056920350985,
        "Pre": 0.8671530396457232,
        "Rec": 0.8321968127924064
      },
      "Common": {
        "ACC": 0.9208126036484245,
        "F1": 0.9050653064791598,
        "Pre": 0.9124484155564309,
        "Rec": 0.9009011647837928
      },
      "Fewer": {
        "ACC": 0.8241206030150754,
        "F1": 0.8540297479151967,
        "Pre": 0.9201609793715058,
        "Rec": 0.8219768535558009
      },
      "Rare": {
        "ACC": 0.7435897435897436,
        "F1": 0.7272486772486773,
        "Pre": 0.7407407407407407,
        "Rec": 0.7361111111111112
      },
      "aupr": 0.8891995048707814
    },
    "Fused": {
      "All": {
        "ACC": 0.9284185175274284,
        "F1": 0.846735630169281,
        "Pre": 0.8776258064269797,
        "Rec": 0.8316571885054032
      },
      "Common": {
        "ACC": 0.9320066334991708,
        "F1": 0.9232499795972259,
        "Pre": 0.9339420811590905,
        "Rec": 0.9154442768776325
      },
      "Fewer": {
        "ACC": 0.8492462311557789,
        "F1": 0.8813863337791968,
        "Pre": 0.9418578497525866,
        "Rec": 0.8460672368567106
      },
      "Rare": {
        "ACC": 0.6666666666666666,
        "F1": 0.691137566137566,
        "Pre": 0.7222222222222222,
        "Rec": 0.6861111111111111
      },
      "aupr": 0.9265281270440747
    }
  }
}