{
  "seed": "2",
  "Stage1": {
    "Expert1": {
      "All": {
        "ACC": 0.9252073856034252,
        "F1": 0.8039426032857127,
        "Pre": 0.820872823855091,
        "Rec": 0.8113440264963
      },
      "Common": {
        "ACC": 0.927860696517413,
        "F1": 0.8992744064052828,
        "Pre": 0.9026597850030731,
        "Rec": 0.901068739815089
      },
      "Fewer": {
        "ACC": 0.8894472361809045,
        "F1": 0.8916665894369878,
        "Pre": 0.8990662931839403,
        "Rec": 0.8960054565317723
      },
      "Rare": {
        "ACC": 0.6153846153846154,
        "F1": 0.5630511463844797,
        "Pre": 0.6111111111111112,
        "Rec": 0.5824074074074075
      },
      "aupr": 0.877028872437529
    },
    "Expert2": {
      "All": {
        "ACC": 0.9266791544019267,
        "F1": 0.8150616594490631,
        "Pre": 0.8489988900439298,
        "Rec": 0.8038382615254526
      },
      "Common": {
        "ACC": 0.9300718629076838,
        "F1": 0.9022207872482685,
        "Pre": 0.9207485571031135,
        "Rec": 0.890913266794246
      },
      "Fewer": {
        "ACC": 0.8693467336683417,
        "F1": 0.8873517349523541,
        "Pre": 0.9081035923141187,
        "Rec": 0.8765218699429226
      },
      "Rare": {
        "ACC": 0.5897435897435898,
        "F1": 0.6031746031746033,
        "Pre": 0.675,
        "Rec": 0.5916666666666667
      },
      "aupr": 0.8852934661026166
    },
    "Expert3": {
      "All": {
        "ACC": 0.9225314423334225,
        "F1": 0.8328388331422522,
        "Pre": 0.8605476713926593,
        "Rec": 0.8191987243209968
      },
      "Common": {
        "ACC": 0.9260641238253179,
        "F1": 0.8908236857050699,
        "Pre": 0.9000809038281972,
        "Rec": 0.8885527566937466
      },
      "Fewer": {
        "ACC": 0.8492462311557789,
        "F1": 0.8833851630190303,
        "Pre": 0.9245614035087719,
        "Rec": 0.8536020996547312
      },
      "Rare": {
        "ACC": 0.6410256410256411,
        "F1": 0.6892857142857144,
        "Pre": 0.7314814814814814,
        "Rec": 0.675
      },
      "aupr": 0.8796530488550562
    },
    "Fused": {
      "All": {
        "ACC": 0.9381857104629382,
        "F1": 0.8455806544232053,
        "Pre": 0.8783810425798693,
        "Rec": 0.8323297119010171
      },
      "Common": {
        "ACC": 0.9415422885572139,
        "F1": 0.911923923792158,
        "Pre": 0.9277777294892913,
        "Rec": 0.9031425691116707
      },
      "Fewer": {
        "ACC": 0.8693467336683417,
        "F1": 0.9022714939796647,
        "Pre": 0.9403679653679655,
        "Rec": 0.8770231230757547
      },
      "Rare": {
        "ACC": 0.6666666666666666,
        "F1": 0.6825396825396824,
        "Pre": 0.7361111111111112,
        "Rec": 0.675
      },
      "aupr": 0.9077929928747335
    }
  },
  "Stage2": {
    "Expert1": {
      "All": {
        "ACC": 0.9252073856034252,
        "F1": 0.8039426032857127,
        "Pre": 0.820872823855091,
        "Rec": 0.8113440264963
      },
      "Common": {
        "ACC": 0.927860696517413,
        "F1": 0.8992744064052828,
        "Pre": 0.9026597850030731,
        "Rec": 0.901068739815089
      },
      "Fewer": {
        "ACC": 0.8894472361809045,
        "F1": 0.8916665894369878,
        "Pre": 0.8990662931839403,
        "Rec": 0.8960054565317723
      },
      "Rare": {
        "ACC": 0.6153846153846154,
        "F1": 0.5630511463844797,
        "Pre": 0.6111111111111112,
        "Rec": 0.5824074074074075
      },
      "aupr": 0.877028872437529
    },
    "Expert2": {
      "All": {
        "ACC": 0.9266791544019267,
        "F1": 0.8150616594490631,
        "Pre": 0.8489988900439298,
        "Rec": 0.8038382615254526
      },
      "Common": {
        "ACC": 0.9300718629076838,
        "F1": 0.9022207872482685,
        "Pre": 0.9207485571031135,
        "Rec": 0.890913266794246
      },
      "Fewer": {
        "ACC": 0.8693467336683417,
        "F1": 0.8873517349523541,
        "Pre": 0.9081035923141187,
        "Rec": 0.8765218699429226
      },
      "Rare": {
        "ACC": 0.5897435897435898,
        "F1": 0.6031746031746033,
        "Pre": 0.675,
        "Rec": 0.5916666666666667
      },
      "aupr": 0.8852934661026166
    },
    "Expert3": {
      "All": {
        "ACC": 0.9225314423334225,
        "F1": 0.8328388331422522,
        "Pre": 0.8605476713926593,
        "Rec": 0.8191987243209968
      },
      "Common": {
        "ACC": 0.9260641238253179,
        "F1": 0.8908236857050699,
        "Pre": 0.9000809038281972,
        "Rec": 0.8885527566937466
      },
      "Fewer": {
        "ACC": 0.8492462311557789,
        "F1": 0.8833851630190303,
        "Pre": 0.9245614035087719,
        "Rec": 0.8536020996547312
      },
      "Rare": {
        "ACC": 0.6410256410256411,
        "F1": 0.6892857142857144,
        "Pre": 0.7314814814814814,
        "Rec": 0.675
      },
      "aupr": 0.8796530497425585
    },
    "Fused": {
      "All": {
        "ACC": 0.9381857104629382,
        "F1": 0.8455763757196276,
        "Pre": 0.8784279791663643,
        "Rec": 0.8322727549746927
      },
      "Common": {
        "ACC": 0.9415422885572139,
        "F1": 0.9119139910874245,
        "Pre": 0.927886689422226,
        "Rec": 0.9030103476755603
      },
      "Fewer": {
        "ACC": 0.8693467336683417,
        "F1": 0.9022714939796647,
        "Pre": 0.9403679653679655,
        "Rec": 0.8770231230757547
      },
      "Rare": {
        "ACC": 0.6666666666666666,
        "F1": 0.6825396825396824,
        "Pre": 0.7361111111111112,
        "Rec": 0.675
      },
      "aupr": 0.9077354068811778
    }
  }
}