{
  "seed": "4",
  "Stage1": {
    "Expert1": {
      "All": {
        "ACC": 0.9171795557934171,
        "F1": 0.8163967695641291,
        "Pre": 0.8394391010184448,
        "Rec": 0.8061316084703282
      },
      "Common": {
        "ACC": 0.9198452183526811,
        "F1": 0.9075521434215349,
        "Pre": 0.9195715830593453,
        "Rec": 0.898721230936116
      },
      "Fewer": {
        "ACC": 0.8844221105527639,
        "F1": 0.8828093486796335,
        "Pre": 0.9113440652914336,
        "Rec": 0.8746154430364956
      },
      "Rare": {
        "ACC": 0.5897435897435898,
        "F1": 0.6044973544973544,
        "Pre": 0.6388888888888888,
        "Rec": 0.5898148148148148
      },
      "aupr": 0.8856915237765254
    },
    "Expert2": {
      "All": {
        "ACC": 0.9179823387744179,
        "F1": 0.824045433188238,
        "Pre": 0.8389126057536793,
        "Rec": 0.8172730330396155
      },
      "Common": {
        "ACC": 0.9202598120508568,
        "F1": 0.89102829319554,
        "Pre": 0.9126335499431849,
        "Rec": 0.8786347741643405
      },
      "Fewer": {
        "ACC": 0.8944723618090452,
        "F1": 0.9066768084451983,
        "Pre": 0.9285392969603496,
        "Rec": 0.8923319370687793
      },
      "Rare": {
        "ACC": 0.6153846153846154,
        "F1": 0.6326278659611992,
        "Pre": 0.6296296296296295,
        "Rec": 0.6425925925925926
      },
      "aupr": 0.8745736123151446
    },
    "Expert3": {
      "All": {
        "ACC": 0.9175809472839176,
        "F1": 0.8109865733854917,
        "Pre": 0.8589592494946301,
        "Rec": 0.7843072462004821
      },
      "Common": {
        "ACC": 0.9215035931453842,
        "F1": 0.8982739808925878,
        "Pre": 0.9099271843843181,
        "Rec": 0.8900132953011646
      },
      "Fewer": {
        "ACC": 0.8442211055276382,
        "F1": 0.8767207315948735,
        "Pre": 0.9309328098801783,
        "Rec": 0.8417332667332669
      },
      "Rare": {
        "ACC": 0.5641025641025641,
        "F1": 0.6058201058201058,
        "Pre": 0.7037037037037037,
        "Rec": 0.5592592592592592
      },
      "aupr": 0.8947918935430581
    },
    "Fused": {
      "All": {
        "ACC": 0.9282847203639283,
        "F1": 0.8462239558993483,
        "Pre": 0.8775934387774021,
        "Rec": 0.8273920971156131
      },
      "Common": {
        "ACC": 0.9309010503040354,
        "F1": 0.9180372287359473,
        "Pre": 0.9352442353141504,
        "Rec": 0.904301952767258
      },
      "Fewer": {
        "ACC": 0.8944723618090452,
        "F1": 0.9067413767064496,
        "Pre": 0.9310562244772772,
        "Rec": 0.889124472019209
      },
      "Rare": {
        "ACC": 0.6153846153846154,
        "F1": 0.6706349206349205,
        "Pre": 0.7314814814814814,
        "Rec": 0.6425925925925926
      },
      "aupr": 0.9119686138390654
    }
  },
  "Stage2": {
    "Expert1": {
      "All": {
        "ACC": 0.9171795557934171,
        "F1": 0.8163967695641291,
        "Pre": 0.8394391010184448,
        "Rec": 0.8061316084703282
      },
      "Common": {
        "ACC": 0.9198452183526811,
        "F1": 0.9075521434215349,
        "Pre": 0.9195715830593453,
        "Rec": 0.898721230936116
      },
      "Fewer": {
        "ACC": 0.8844221105527639,
        "F1": 0.8828093486796335,
        "Pre": 0.9113440652914336,
        "Rec": 0.8746154430364956
      },
      "Rare": {
        "ACC": 0.5897435897435898,
        "F1": 0.6044973544973544,
        "Pre": 0.6388888888888888,
        "Rec": 0.5898148148148148
      },
      "aupr": 0.8856915237765254
    },
    "Expert2": {
      "All": {
        "ACC": 0.9179823387744179,
        "F1": 0.824045433188238,
        "Pre": 0.8389126057536793,
        "Rec": 0.8172730330396155
      },
      "Common": {
        "ACC": 0.9202598120508568,
        "F1": 0.89102829319554,
        "Pre": 0.9126335499431849,
        "Rec": 0.8786347741643405
      },
      "Fewer": {
        "ACC": 0.8944723618090452,
        "F1": 0.9066768084451983,
        "Pre": 0.9285392969603496,
        "Rec": 0.8923319370687793
      },
      "Rare": {
        "ACC": 0.6153846153846154,
        "F1": 0.6326278659611992,
        "Pre": 0.6296296296296295,
        "Rec": 0.6425925925925926
      },
      "aupr": 0.8745736123151446
    },
    "Expert3": {
      "All": {
        "ACC": 0.9175809472839176,
        "F1": 0.8109865733854917,
        "Pre": 0.8589592494946301,
        "Rec": 0.7843072462004821
      },
      "Common": {
        "ACC": 0.9215035931453842,
        "F1": 0.8982739808925878,
        "Pre": 0.9099271843843181,
        "Rec": 0.8900132953011646
      },
      "Fewer": {
        "ACC": 0.8442211055276382,
        "F1": 0.8767207315948735,
        "Pre": 0.9309328098801783,
        "Rec": 0.8417332667332669
      },
      "Rare": {
        "ACC": 0.5641025641025641,
        "F1": 0.6058201058201058,
        "Pre": 0.7037037037037037,
        "Rec": 0.5592592592592592
      },
      "aupr": 0.8947918935430581
    },
    "Fused": {
      "All": {
        "ACC": 0.9289537061814289,
        "F1": 0.844317719194756,
        "Pre": 0.8775487027800644,
        "Rec": 0.8241276771864026
      },
      "Common": {
        "ACC": 0.9318684355997788,
        "F1": 0.9184339651575094,
        "Pre": 0.9351403838917588,
        "Rec": 0.9051563747569872
      },
      "Fewer": {
        "ACC": 0.8844221105527639,
        "F1": 0.8996353764115949,
        "Pre": 0.9310562244772772,
        "Rec": 0.8766975714344135
      },
      "Rare": {
        "ACC": 0.6153846153846154,
        "F1": 0.6706349206349205,
        "Pre": 0.7314814814814814,
        "Rec": 0.6425925925925926
      },
      "aupr": 0.9142483624289861
    }
  }
}