{
  "Stage1": {
    "Expert1": {
      "All": {
        "ACC": 0.9651057357807454,
        "F1": 0.9148480643058562,
        "Rec": 0.9070610800826049,
        "Pre": 0.937702631245938
      },
      "Common": {
        "ACC": 0.9655842966110585,
        "F1": 0.9567740797956183,
        "Rec": 0.9514923020493052,
        "Pre": 0.9683942755353427
      },
      "Fewer": {
        "ACC": 0.8709834950285676,
        "F1": 0.8964271776588133,
        "Rec": 0.8801981722661869,
        "Pre": 0.9386270760947504
      },
      "Rare": {
        "ACC": 0.7345345596432553,
        "F1": 0.6524502164502165,
        "Rec": 0.6442424242424243,
        "Pre": 0.7078787878787878
      }
    },
    "Expert2": {
      "All": {
        "ACC": 0.9645791716773024,
        "F1": 0.9068086621450895,
        "Rec": 0.9013811745688317,
        "Pre": 0.9246847755419525
      },
      "Common": {
        "ACC": 0.9652128937614091,
        "F1": 0.9593776098533476,
        "Rec": 0.9546748138051757,
        "Pre": 0.9668779805005343
      },
      "Fewer": {
        "ACC": 0.836410373843529,
        "F1": 0.877626977165118,
        "Rec": 0.865325465883064,
        "Pre": 0.9191070780163917
      },
      "Rare": {
        "ACC": 0.6665938047459787,
        "F1": 0.5816969696969696,
        "Rec": 0.5843939393939394,
        "Pre": 0.6172727272727272
      }
    },
    "Expert3": {
      "All": {
        "ACC": 0.9650223295497777,
        "F1": 0.9161784787756059,
        "Rec": 0.9109002517265916,
        "Pre": 0.9341095015447471
      },
      "Common": {
        "ACC": 0.9655372012691634,
        "F1": 0.9598265019729568,
        "Rec": 0.9527406750722827,
        "Pre": 0.9698675343265801
      },
      "Fewer": {
        "ACC": 0.8721223222369137,
        "F1": 0.8962884836081381,
        "Rec": 0.8941461640665072,
        "Pre": 0.9248177077098646
      },
      "Rare": {
        "ACC": 0.6539460901417423,
        "F1": 0.5884357864357865,
        "Rec": 0.5884242424242424,
        "Pre": 0.6336363636363636
      }
    },
    "Fused": {
      "All": {
        "ACC": 0.9696050291582315,
        "F1": 0.9368030995826961,
        "Rec": 0.9262427729227319,
        "Pre": 0.9599604201914754
      },
      "Common": {
        "ACC": 0.970039494739735,
        "F1": 0.9675409102921678,
        "Rec": 0.9608217216952608,
        "Pre": 0.9764317694343079
      },
      "Fewer": {
        "ACC": 0.8827994342700226,
        "F1": 0.9214103403687883,
        "Rec": 0.904948530953433,
        "Pre": 0.9641354832531303
      },
      "Rare": {
        "ACC": 0.7663019589106546,
        "F1": 0.6942770562770563,
        "Rec": 0.6715151515151515,
        "Pre": 0.7663636363636364
      }
    }
  },
  "Stage2": {
    "Expert1": {
      "All": {
        "ACC": 0.9651057357807454,
        "F1": 0.9148480643058562,
        "Rec": 0.9070610800826049,
        "Pre": 0.937702631245938
      },
      "Common": {
        "ACC": 0.9655842966110585,
        "F1": 0.9567740797956183,
        "Rec": 0.9514923020493052,
        "Pre": 0.9683942755353427
      },
      "Fewer": {
        "ACC": 0.8709834950285676,
        "F1": 0.8964271776588133,
        "Rec": 0.8801981722661869,
        "Pre": 0.9386270760947504
      },
      "Rare": {
        "ACC": 0.7345345596432553,
        "F1": 0.6524502164502165,
        "Rec": 0.6442424242424243,
        "Pre": 0.7078787878787878
      }
    },
    "Expert2": {
      "All": {
        "ACC": 0.9645791716773024,
        "F1": 0.9068086621450895,
        "Rec": 0.9013811745688317,
        "Pre": 0.9246847755419525
      },
      "Common": {
        "ACC": 0.9652128937614091,
        "F1": 0.9593776098533476,
        "Rec": 0.9546748138051757,
        "Pre": 0.9668779805005343
      },
      "Fewer": {
        "ACC": 0.836410373843529,
        "F1": 0.877626977165118,
        "Rec": 0.865325465883064,
        "Pre": 0.9191070780163917
      },
      "Rare": {
        "ACC": 0.6665938047459787,
        "F1": 0.5816969696969696,
        "Rec": 0.5843939393939394,
        "Pre": 0.6172727272727272
      }
    },
    "Expert3": {
      "All": {
        "ACC": 0.9650223295497777,
        "F1": 0.9161784787756059,
        "Rec": 0.9109002517265916,
        "Pre": 0.9341095015447471
      },
      "Common": {
        "ACC": 0.9655372012691634,
        "F1": 0.9598265019729568,
        "Rec": 0.9527406750722827,
        "Pre": 0.9698675343265801
      },
      "Fewer": {
        "ACC": 0.8721223222369137,
        "F1": 0.8962884836081381,
        "Rec": 0.8941461640665072,
        "Pre": 0.9248177077098646
      },
      "Rare": {
        "ACC": 0.6539460901417423,
        "F1": 0.5884357864357865,
        "Rec": 0.5884242424242424,
        "Pre": 0.6336363636363636
      }
    },
    "Fused": {
      "All": {
        "ACC": 0.9696988737903458,
        "F1": 0.9375130140135948,
        "Rec": 0.9268577224066089,
        "Pre": 0.9606322217523792
      },
      "Common": {
        "ACC": 0.9701232535626827,
        "F1": 0.9676153631153426,
        "Rec": 0.9609272798870847,
        "Pre": 0.9764081319059745
      },
      "Fewer": {
        "ACC": 0.8861052193939896,
        "F1": 0.9231390939903665,
        "Rec": 0.907654254446534,
        "Pre": 0.9656387512269864
      },
      "Rare": {
        "ACC": 0.7663019589106546,
        "F1": 0.6967012987012987,
        "Rec": 0.6715151515151515,
        "Pre": 0.7693939393939393
      }
    }
  }
}