{
  "seed": "2",
  "Stage1": {
    "Expert1": {
      "All": {
        "ACC": 0.9647567905740055,
        "F1": 0.9225010417866605,
        "Pre": 0.9338257929153616,
        "Rec": 0.9194916439906613
      },
      "Common": {
        "ACC": 0.9650490516677567,
        "F1": 0.9621105850522754,
        "Pre": 0.9701239798090396,
        "Rec": 0.9560330320146837
      },
      "Fewer": {
        "ACC": 0.9090909090909091,
        "F1": 0.9054252740389342,
        "Pre": 0.9237677527151211,
        "Rec": 0.9018440709617179
      },
      "Rare": {
        "ACC": 0.6875,
        "F1": 0.5333333333333333,
        "Pre": 0.55,
        "Rec": 0.55
      },
      "aupr": 0.9333713016271502
    },
    "Expert2": {
      "All": {
        "ACC": 0.96332308013138,
        "F1": 0.8900537556278953,
        "Pre": 0.8975960432921714,
        "Rec": 0.8907579673708874
      },
      "Common": {
        "ACC": 0.9641334205362982,
        "F1": 0.9589912179542007,
        "Pre": 0.967467920662408,
        "Rec": 0.953024257015533
      },
      "Fewer": {
        "ACC": 0.743801652892562,
        "F1": 0.7951392321634535,
        "Pre": 0.8127917833800186,
        "Rec": 0.799719887955182
      },
      "Rare": {
        "ACC": 0.6875,
        "F1": 0.4666666666666666,
        "Pre": 0.45,
        "Rec": 0.5
      },
      "aupr": 0.936020056408997
    },
    "Expert3": {
      "All": {
        "ACC": 0.9655648819143945,
        "F1": 0.9240816887677643,
        "Pre": 0.9326719133476112,
        "Rec": 0.9262088735463554
      },
      "Common": {
        "ACC": 0.9658600392413342,
        "F1": 0.9616591206541879,
        "Pre": 0.9678750161137099,
        "Rec": 0.9578682270040065
      },
      "Fewer": {
        "ACC": 0.9256198347107438,
        "F1": 0.9290720813212163,
        "Pre": 0.9396358543417368,
        "Rec": 0.9330065359477124
      },
      "Rare": {
        "ACC": 0.5625,
        "F1": 0.41666666666666663,
        "Pre": 0.4333333333333334,
        "Rec": 0.45
      },
      "aupr": 0.9379968379733894
    },
    "Fused": {
      "All": {
        "ACC": 0.9696053386163391,
        "F1": 0.9328339832135788,
        "Pre": 0.9448437232103851,
        "Rec": 0.9295359072164084
      },
      "Common": {
        "ACC": 0.9698888162197514,
        "F1": 0.9704525724760646,
        "Pre": 0.9775929467929401,
        "Rec": 0.9649190263624517
      },
      "Fewer": {
        "ACC": 0.9090909090909091,
        "F1": 0.9275305576776165,
        "Pre": 0.9522875816993465,
        "Rec": 0.9206349206349207
      },
      "Rare": {
        "ACC": 0.75,
        "F1": 0.5333333333333333,
        "Pre": 0.55,
        "Rec": 0.55
      },
      "aupr": 0.9404495626073366
    }
  },
  "Stage2": {
    "Expert1": {
      "All": {
        "ACC": 0.9647567905740055,
        "F1": 0.9225010417866605,
        "Pre": 0.9338257929153616,
        "Rec": 0.9194916439906613
      },
      "Common": {
        "ACC": 0.9650490516677567,
        "F1": 0.9621105850522754,
        "Pre": 0.9701239798090396,
        "Rec": 0.9560330320146837
      },
      "Fewer": {
        "ACC": 0.9090909090909091,
        "F1": 0.9054252740389342,
        "Pre": 0.9237677527151211,
        "Rec": 0.9018440709617179
      },
      "Rare": {
        "ACC": 0.6875,
        "F1": 0.5333333333333333,
        "Pre": 0.55,
        "Rec": 0.55
      },
      "aupr": 0.9333686441320743
    },
    "Expert2": {
      "All": {
        "ACC": 0.96332308013138,
        "F1": 0.8900537556278953,
        "Pre": 0.8975960432921714,
        "Rec": 0.8907579673708874
      },
      "Common": {
        "ACC": 0.9641334205362982,
        "F1": 0.9589912179542007,
        "Pre": 0.967467920662408,
        "Rec": 0.953024257015533
      },
      "Fewer": {
        "ACC": 0.743801652892562,
        "F1": 0.7951392321634535,
        "Pre": 0.8127917833800186,
        "Rec": 0.799719887955182
      },
      "Rare": {
        "ACC": 0.6875,
        "F1": 0.4666666666666666,
        "Pre": 0.45,
        "Rec": 0.5
      },
      "aupr": 0.9360231925799047
    },
    "Expert3": {
      "All": {
        "ACC": 0.9655648819143945,
        "F1": 0.9240816887677643,
        "Pre": 0.9326719133476112,
        "Rec": 0.9262088735463554
      },
      "Common": {
        "ACC": 0.9658600392413342,
        "F1": 0.9616591206541879,
        "Pre": 0.9678750161137099,
        "Rec": 0.9578682270040065
      },
      "Fewer": {
        "ACC": 0.9256198347107438,
        "F1": 0.9290720813212163,
        "Pre": 0.9396358543417368,
        "Rec": 0.9330065359477124
      },
      "Rare": {
        "ACC": 0.5625,
        "F1": 0.41666666666666663,
        "Pre": 0.4333333333333334,
        "Rec": 0.45
      },
      "aupr": 0.9379977984519225
    },
    "Fused": {
      "All": {
        "ACC": 0.9697096084667118,
        "F1": 0.9333146680676653,
        "Pre": 0.943671439914323,
        "Rec": 0.9313894161274219
      },
      "Common": {
        "ACC": 0.9699672988881622,
        "F1": 0.9710123112314338,
        "Pre": 0.9778071724580569,
        "Rec": 0.9656746812338758
      },
      "Fewer": {
        "ACC": 0.9173553719008265,
        "F1": 0.9279630836291737,
        "Pre": 0.9457516339869282,
        "Rec": 0.927170868347339
      },
      "Rare": {
        "ACC": 0.75,
        "F1": 0.5333333333333333,
        "Pre": 0.55,
        "Rec": 0.55
      },
      "aupr": 0.9404428270009199
    }
  }
}