{
  "seed": "4",
  "Stage1": {
    "Expert1": {
      "All": {
        "ACC": 0.9674669586298584,
        "F1": 0.9110829039085506,
        "Pre": 0.9297445459884696,
        "Rec": 0.9004756408206965
      },
      "Common": {
        "ACC": 0.9677343382006595,
        "F1": 0.9603048077691626,
        "Pre": 0.9710400726837581,
        "Rec": 0.9527413295578516
      },
      "Fewer": {
        "ACC": 0.9256198347107438,
        "F1": 0.9559466298596734,
        "Pre": 1.0,
        "Rec": 0.9283854166666666
      },
      "Rare": {
        "ACC": 0.7692307692307693,
        "F1": 0.5818181818181819,
        "Pre": 0.606060606060606,
        "Rec": 0.5795454545454546
      },
      "aupr": 0.9665701944276627
    },
    "Expert2": {
      "All": {
        "ACC": 0.9668152550767707,
        "F1": 0.9209916381670941,
        "Pre": 0.936302329250866,
        "Rec": 0.9201400379410344
      },
      "Common": {
        "ACC": 0.9671324645417909,
        "F1": 0.9575667642565332,
        "Pre": 0.9753500795979715,
        "Rec": 0.9451170038133544
      },
      "Fewer": {
        "ACC": 0.9173553719008265,
        "F1": 0.9388239679000548,
        "Pre": 0.9400027056277056,
        "Rec": 0.9526041666666667
      },
      "Rare": {
        "ACC": 0.7307692307692307,
        "F1": 0.6151515151515151,
        "Pre": 0.6363636363636364,
        "Rec": 0.6553030303030303
      },
      "aupr": 0.9694568572722102
    },
    "Expert3": {
      "All": {
        "ACC": 0.9678058444774641,
        "F1": 0.9255208728320236,
        "Pre": 0.9418014428052969,
        "Rec": 0.9180567595973795
      },
      "Common": {
        "ACC": 0.968179201339823,
        "F1": 0.9596779454309519,
        "Pre": 0.9729994710558709,
        "Rec": 0.9502135990433056
      },
      "Fewer": {
        "ACC": 0.8760330578512396,
        "F1": 0.9259338798101586,
        "Pre": 0.9674679487179487,
        "Rec": 0.9123263888888888
      },
      "Rare": {
        "ACC": 0.8461538461538461,
        "F1": 0.6575757575757576,
        "Pre": 0.6515151515151515,
        "Rec": 0.6704545454545454
      },
      "aupr": 0.9681526643297932
    },
    "Fused": {
      "All": {
        "ACC": 0.9714032480905086,
        "F1": 0.9400045243725801,
        "Pre": 0.9535035544984329,
        "Rec": 0.9334575000136569
      },
      "Common": {
        "ACC": 0.97165960119328,
        "F1": 0.9645925830447196,
        "Pre": 0.9782113355768385,
        "Rec": 0.9542749293982061
      },
      "Fewer": {
        "ACC": 0.9090909090909091,
        "F1": 0.9618388857519292,
        "Pre": 0.9895833333333334,
        "Rec": 0.9479166666666666
      },
      "Rare": {
        "ACC": 0.8846153846153846,
        "F1": 0.6909090909090909,
        "Pre": 0.6818181818181818,
        "Rec": 0.7159090909090909
      },
      "aupr": 0.9700500209108381
    }
  },
  "Stage2": {
    "Expert1": {
      "All": {
        "ACC": 0.9674669586298584,
        "F1": 0.9110829039085506,
        "Pre": 0.9297445459884696,
        "Rec": 0.9004756408206965
      },
      "Common": {
        "ACC": 0.9677343382006595,
        "F1": 0.9603048077691626,
        "Pre": 0.9710400726837581,
        "Rec": 0.9527413295578516
      },
      "Fewer": {
        "ACC": 0.9256198347107438,
        "F1": 0.9559466298596734,
        "Pre": 1.0,
        "Rec": 0.9283854166666666
      },
      "Rare": {
        "ACC": 0.7692307692307693,
        "F1": 0.5818181818181819,
        "Pre": 0.606060606060606,
        "Rec": 0.5795454545454546
      },
      "aupr": 0.9665702041950269
    },
    "Expert2": {
      "All": {
        "ACC": 0.9668152550767707,
        "F1": 0.9209916381670941,
        "Pre": 0.936302329250866,
        "Rec": 0.9201400379410344
      },
      "Common": {
        "ACC": 0.9671324645417909,
        "F1": 0.9575667642565332,
        "Pre": 0.9753500795979715,
        "Rec": 0.9451170038133544
      },
      "Fewer": {
        "ACC": 0.9173553719008265,
        "F1": 0.9388239679000548,
        "Pre": 0.9400027056277056,
        "Rec": 0.9526041666666667
      },
      "Rare": {
        "ACC": 0.7307692307692307,
        "F1": 0.6151515151515151,
        "Pre": 0.6363636363636364,
        "Rec": 0.6553030303030303
      },
      "aupr": 0.9694574209982496
    },
    "Expert3": {
      "All": {
        "ACC": 0.9678058444774641,
        "F1": 0.9255208728320236,
        "Pre": 0.9418014428052969,
        "Rec": 0.9180567595973795
      },
      "Common": {
        "ACC": 0.968179201339823,
        "F1": 0.9596779454309519,
        "Pre": 0.9729994710558709,
        "Rec": 0.9502135990433056
      },
      "Fewer": {
        "ACC": 0.8760330578512396,
        "F1": 0.9259338798101586,
        "Pre": 0.9674679487179487,
        "Rec": 0.9123263888888888
      },
      "Rare": {
        "ACC": 0.8461538461538461,
        "F1": 0.6575757575757576,
        "Pre": 0.6515151515151515,
        "Rec": 0.6704545454545454
      },
      "aupr": 0.9681525415031499
    },
    "Fused": {
      "All": {
        "ACC": 0.9715335888011262,
        "F1": 0.942389554577861,
        "Pre": 0.9559710163860528,
        "Rec": 0.9340720316216259
      },
      "Common": {
        "ACC": 0.9717642748730831,
        "F1": 0.9648648017020449,
        "Pre": 0.9789412947934659,
        "Rec": 0.9541009495113821
      },
      "Fewer": {
        "ACC": 0.9173553719008265,
        "F1": 0.9651722190852625,
        "Pre": 0.9895833333333334,
        "Rec": 0.9518229166666666
      },
      "Rare": {
        "ACC": 0.8846153846153846,
        "F1": 0.703030303030303,
        "Pre": 0.696969696969697,
        "Rec": 0.7159090909090909
      },
      "aupr": 0.9701383775101936
    }
  }
}