{
  "seed": "0",
  "Stage1": {
    "Expert1": {
      "All": {
        "ACC": 0.9630363380428549,
        "F1": 0.8996544180852073,
        "Pre": 0.9213942647279556,
        "Rec": 0.8965521117442313
      },
      "Common": {
        "ACC": 0.9636592134890297,
        "F1": 0.9595732344440847,
        "Pre": 0.966724395691351,
        "Rec": 0.954612413621266
      },
      "Fewer": {
        "ACC": 0.8435374149659864,
        "F1": 0.882253897999058,
        "Pre": 0.9335196522047733,
        "Rec": 0.8694911297852475
      },
      "Rare": {
        "ACC": 0.6666666666666666,
        "F1": 0.5757142857142858,
        "Pre": 0.6333333333333333,
        "Rec": 0.6
      },
      "aupr": 0.9493226322556638
    },
    "Expert2": {
      "All": {
        "ACC": 0.9650174651999375,
        "F1": 0.8975244903083666,
        "Pre": 0.9028766605352234,
        "Rec": 0.900353062861708
      },
      "Common": {
        "ACC": 0.9656228727025187,
        "F1": 0.9581220863868612,
        "Pre": 0.9589219853395519,
        "Rec": 0.9595743595869608
      },
      "Fewer": {
        "ACC": 0.8571428571428571,
        "F1": 0.8965433178251783,
        "Pre": 0.9306468041762159,
        "Rec": 0.886204481792717
      },
      "Rare": {
        "ACC": 0.6190476190476191,
        "F1": 0.5416666666666666,
        "Pre": 0.525,
        "Rec": 0.575
      },
      "aupr": 0.9433583772929697
    },
    "Expert3": {
      "All": {
        "ACC": 0.962906000729889,
        "F1": 0.9062515692340725,
        "Pre": 0.922916969035535,
        "Rec": 0.9006382757938055
      },
      "Common": {
        "ACC": 0.9635544849976436,
        "F1": 0.9586935216664937,
        "Pre": 0.9677943295753144,
        "Rec": 0.951914976291587
      },
      "Fewer": {
        "ACC": 0.8435374149659864,
        "F1": 0.8706940552886093,
        "Pre": 0.9028280542986424,
        "Rec": 0.8759570494864612
      },
      "Rare": {
        "ACC": 0.6190476190476191,
        "F1": 0.5666666666666667,
        "Pre": 0.6,
        "Rec": 0.55
      },
      "aupr": 0.9376622242790105
    },
    "Fused": {
      "All": {
        "ACC": 0.9687451123507638,
        "F1": 0.9351548564858013,
        "Pre": 0.9647569743301514,
        "Rec": 0.921282046903556
      },
      "Common": {
        "ACC": 0.9693145520238781,
        "F1": 0.969029885226878,
        "Pre": 0.9793905707248087,
        "Rec": 0.96084620962296
      },
      "Fewer": {
        "ACC": 0.8571428571428571,
        "F1": 0.9053876499469288,
        "Pre": 0.9541352438411261,
        "Rec": 0.8893557422969187
      },
      "Rare": {
        "ACC": 0.7142857142857143,
        "F1": 0.6923809523809524,
        "Pre": 0.8,
        "Rec": 0.65
      },
      "aupr": 0.9560574209129014
    }
  },
  "Stage2": {
    "Expert1": {
      "All": {
        "ACC": 0.9630363380428549,
        "F1": 0.8996544180852073,
        "Pre": 0.9213942647279556,
        "Rec": 0.8965521117442313
      },
      "Common": {
        "ACC": 0.9636592134890297,
        "F1": 0.9595732344440847,
        "Pre": 0.966724395691351,
        "Rec": 0.954612413621266
      },
      "Fewer": {
        "ACC": 0.8435374149659864,
        "F1": 0.882253897999058,
        "Pre": 0.9335196522047733,
        "Rec": 0.8694911297852475
      },
      "Rare": {
        "ACC": 0.6666666666666666,
        "F1": 0.5757142857142858,
        "Pre": 0.6333333333333333,
        "Rec": 0.6
      },
      "aupr": 0.9493226570322072
    },
    "Expert2": {
      "All": {
        "ACC": 0.9650174651999375,
        "F1": 0.8975244903083666,
        "Pre": 0.9028766605352234,
        "Rec": 0.900353062861708
      },
      "Common": {
        "ACC": 0.9656228727025187,
        "F1": 0.9581220863868612,
        "Pre": 0.9589219853395519,
        "Rec": 0.9595743595869608
      },
      "Fewer": {
        "ACC": 0.8571428571428571,
        "F1": 0.8965433178251783,
        "Pre": 0.9306468041762159,
        "Rec": 0.886204481792717
      },
      "Rare": {
        "ACC": 0.6190476190476191,
        "F1": 0.5416666666666666,
        "Pre": 0.525,
        "Rec": 0.575
      },
      "aupr": 0.9433583537938164
    },
    "Expert3": {
      "All": {
        "ACC": 0.962906000729889,
        "F1": 0.9062515692340725,
        "Pre": 0.922916969035535,
        "Rec": 0.9006382757938055
      },
      "Common": {
        "ACC": 0.9635544849976436,
        "F1": 0.9586935216664937,
        "Pre": 0.9677943295753144,
        "Rec": 0.951914976291587
      },
      "Fewer": {
        "ACC": 0.8435374149659864,
        "F1": 0.8706940552886093,
        "Pre": 0.9028280542986424,
        "Rec": 0.8759570494864612
      },
      "Rare": {
        "ACC": 0.6190476190476191,
        "F1": 0.5666666666666667,
        "Pre": 0.6,
        "Rec": 0.55
      },
      "aupr": 0.9376622195670193
    },
    "Fused": {
      "All": {
        "ACC": 0.9685105051874251,
        "F1": 0.9346134965357296,
        "Pre": 0.9634898528989337,
        "Rec": 0.9213730591215551
      },
      "Common": {
        "ACC": 0.9690789129182594,
        "F1": 0.9682499598750796,
        "Pre": 0.9775650567984784,
        "Rec": 0.9609773289200774
      },
      "Fewer": {
        "ACC": 0.8571428571428571,
        "F1": 0.9053876499469288,
        "Pre": 0.9541352438411261,
        "Rec": 0.8893557422969187
      },
      "Rare": {
        "ACC": 0.7142857142857143,
        "F1": 0.6923809523809524,
        "Pre": 0.8,
        "Rec": 0.65
      },
      "aupr": 0.9558908745960792
    }
  }
}