{
  "seed": "3",
  "Stage1": {
    "Expert1": {
      "All": {
        "ACC": 0.9637131461640729,
        "F1": 0.9124617985010637,
        "Pre": 0.9373311192690712,
        "Rec": 0.9030252754178157
      },
      "Common": {
        "ACC": 0.9643820548411597,
        "F1": 0.9462287520369727,
        "Pre": 0.9637032755625916,
        "Rec": 0.9431034573406724
      },
      "Fewer": {
        "ACC": 0.831081081081081,
        "F1": 0.8643081455581455,
        "Pre": 0.8823529411764706,
        "Rec": 0.8542688792688793
      },
      "Rare": {
        "ACC": 0.7666666666666667,
        "F1": 0.8032900432900432,
        "Pre": 0.8833333333333334,
        "Rec": 0.7583333333333333
      },
      "aupr": 0.9608250871680136
    },
    "Expert2": {
      "All": {
        "ACC": 0.9641041682959256,
        "F1": 0.8990191842418288,
        "Pre": 0.9263282993051094,
        "Rec": 0.8824281137669586
      },
      "Common": {
        "ACC": 0.964984417148993,
        "F1": 0.9615541823153452,
        "Pre": 0.9670078614217524,
        "Rec": 0.9579925044604469
      },
      "Fewer": {
        "ACC": 0.8108108108108109,
        "F1": 0.8858615150281817,
        "Pre": 0.9765432098765431,
        "Rec": 0.8328843995510663
      },
      "Rare": {
        "ACC": 0.6,
        "F1": 0.5599999999999999,
        "Pre": 0.6,
        "Rec": 0.5333333333333333
      },
      "aupr": 0.9592337802225425
    },
    "Expert3": {
      "All": {
        "ACC": 0.9652250984072365,
        "F1": 0.9251926488547034,
        "Pre": 0.9438253886958644,
        "Rec": 0.9155997556391987
      },
      "Common": {
        "ACC": 0.9657701071157321,
        "F1": 0.9625568822498951,
        "Pre": 0.971998756418772,
        "Rec": 0.9549401462055273
      },
      "Fewer": {
        "ACC": 0.8918918918918919,
        "F1": 0.9286692449326858,
        "Pre": 0.9607253086419753,
        "Rec": 0.9104657687991021
      },
      "Rare": {
        "ACC": 0.6333333333333333,
        "F1": 0.7022222222222222,
        "Pre": 0.75,
        "Rec": 0.6966666666666665
      },
      "aupr": 0.9684766720215815
    },
    "Fused": {
      "All": {
        "ACC": 0.9692395922942572,
        "F1": 0.935584643291992,
        "Pre": 0.9638924417444563,
        "Rec": 0.9208137079021673
      },
      "Common": {
        "ACC": 0.9698033156116597,
        "F1": 0.9680665490163773,
        "Pre": 0.9739755745406307,
        "Rec": 0.9635332478368256
      },
      "Fewer": {
        "ACC": 0.8783783783783784,
        "F1": 0.9247640451941526,
        "Pre": 0.9668981481481482,
        "Rec": 0.9012065095398429
      },
      "Rare": {
        "ACC": 0.7,
        "F1": 0.7666666666666667,
        "Pre": 0.9,
        "Rec": 0.7083333333333333
      },
      "aupr": 0.9705810696934063
    }
  },
  "Stage2": {
    "Expert1": {
      "All": {
        "ACC": 0.9637131461640729,
        "F1": 0.9124617985010637,
        "Pre": 0.9373311192690712,
        "Rec": 0.9030252754178157
      },
      "Common": {
        "ACC": 0.9643820548411597,
        "F1": 0.9462287520369727,
        "Pre": 0.9637032755625916,
        "Rec": 0.9431034573406724
      },
      "Fewer": {
        "ACC": 0.831081081081081,
        "F1": 0.8643081455581455,
        "Pre": 0.8823529411764706,
        "Rec": 0.8542688792688793
      },
      "Rare": {
        "ACC": 0.7666666666666667,
        "F1": 0.8032900432900432,
        "Pre": 0.8833333333333334,
        "Rec": 0.7583333333333333
      },
      "aupr": 0.9608281464239243
    },
    "Expert2": {
      "All": {
        "ACC": 0.9641041682959256,
        "F1": 0.8990191842418288,
        "Pre": 0.9263282993051094,
        "Rec": 0.8824281137669586
      },
      "Common": {
        "ACC": 0.964984417148993,
        "F1": 0.9615541823153452,
        "Pre": 0.9670078614217524,
        "Rec": 0.9579925044604469
      },
      "Fewer": {
        "ACC": 0.8108108108108109,
        "F1": 0.8858615150281817,
        "Pre": 0.9765432098765431,
        "Rec": 0.8328843995510663
      },
      "Rare": {
        "ACC": 0.6,
        "F1": 0.5599999999999999,
        "Pre": 0.6,
        "Rec": 0.5333333333333333
      },
      "aupr": 0.959230608845969
    },
    "Expert3": {
      "All": {
        "ACC": 0.9652250984072365,
        "F1": 0.9251926488547034,
        "Pre": 0.9438253886958644,
        "Rec": 0.9155997556391987
      },
      "Common": {
        "ACC": 0.9657701071157321,
        "F1": 0.9625568822498951,
        "Pre": 0.971998756418772,
        "Rec": 0.9549401462055273
      },
      "Fewer": {
        "ACC": 0.8918918918918919,
        "F1": 0.9286692449326858,
        "Pre": 0.9607253086419753,
        "Rec": 0.9104657687991021
      },
      "Rare": {
        "ACC": 0.6333333333333333,
        "F1": 0.7022222222222222,
        "Pre": 0.75,
        "Rec": 0.6966666666666665
      },
      "aupr": 0.9684766660290874
    },
    "Fused": {
      "All": {
        "ACC": 0.9694481374312452,
        "F1": 0.9365483598366654,
        "Pre": 0.9642079886926661,
        "Rec": 0.9215242747326802
      },
      "Common": {
        "ACC": 0.9700128329361234,
        "F1": 0.9683780909652002,
        "Pre": 0.9744434544983209,
        "Rec": 0.9636289925242142
      },
      "Fewer": {
        "ACC": 0.8783783783783784,
        "F1": 0.9283646112947187,
        "Pre": 0.9668981481481482,
        "Rec": 0.9042929292929295
      },
      "Rare": {
        "ACC": 0.7,
        "F1": 0.7666666666666667,
        "Pre": 0.9,
        "Rec": 0.7083333333333333
      },
      "aupr": 0.9703700236372614
    }
  }
}