{
  "seed": "1",
  "Stage1": {
    "Expert1": {
      "All": {
        "ACC": 0.9665554454929357,
        "F1": 0.9285401592477982,
        "Pre": 0.9662174333288314,
        "Rec": 0.9157607284396195
      },
      "Common": {
        "ACC": 0.9670968248566867,
        "F1": 0.9556530196755957,
        "Pre": 0.9703796539299732,
        "Rec": 0.950971277712053
      },
      "Fewer": {
        "ACC": 0.8455882352941176,
        "F1": 0.8742019408382548,
        "Pre": 0.9534950343773874,
        "Rec": 0.8470013646484233
      },
      "Rare": {
        "ACC": 0.782608695652174,
        "F1": 0.7680952380952382,
        "Pre": 0.8666666666666666,
        "Rec": 0.7333333333333333
      },
      "aupr": 0.9485449159516357
    },
    "Expert2": {
      "All": {
        "ACC": 0.9636358896824984,
        "F1": 0.9264542423802631,
        "Pre": 0.9603205453263925,
        "Rec": 0.91322669090357
      },
      "Common": {
        "ACC": 0.9641912938774442,
        "F1": 0.9606537983537984,
        "Pre": 0.9656420554809879,
        "Rec": 0.9576659441495834
      },
      "Fewer": {
        "ACC": 0.8529411764705882,
        "F1": 0.8717668529087215,
        "Pre": 0.9355508870214752,
        "Rec": 0.8552143934496875
      },
      "Rare": {
        "ACC": 0.6956521739130435,
        "F1": 0.725,
        "Pre": 0.875,
        "Rec": 0.6583333333333333
      },
      "aupr": 0.9460532899028541
    },
    "Expert3": {
      "All": {
        "ACC": 0.9636098222199051,
        "F1": 0.8998456141894662,
        "Pre": 0.9293317938394284,
        "Rec": 0.8939975940562184
      },
      "Common": {
        "ACC": 0.9643221736512839,
        "F1": 0.9565450398632558,
        "Pre": 0.9686700984692331,
        "Rec": 0.9487664268169871
      },
      "Fewer": {
        "ACC": 0.8235294117647058,
        "F1": 0.8270731566880205,
        "Pre": 0.8534313725490196,
        "Rec": 0.8389750772103712
      },
      "Rare": {
        "ACC": 0.6086956521739131,
        "F1": 0.599047619047619,
        "Pre": 0.7333333333333333,
        "Rec": 0.575
      },
      "aupr": 0.9380729745687556
    },
    "Fused": {
      "All": {
        "ACC": 0.9690318544392889,
        "F1": 0.9404374905495284,
        "Pre": 0.972805407173951,
        "Rec": 0.9261247025778705
      },
      "Common": {
        "ACC": 0.969531188650106,
        "F1": 0.9655629616967998,
        "Pre": 0.972988419536322,
        "Rec": 0.9605351952558606
      },
      "Fewer": {
        "ACC": 0.8602941176470589,
        "F1": 0.8875305632733148,
        "Pre": 0.9577731092436975,
        "Rec": 0.8656288156288156
      },
      "Rare": {
        "ACC": 0.782608695652174,
        "F1": 0.7880952380952381,
        "Pre": 0.9,
        "Rec": 0.7333333333333333
      },
      "aupr": 0.9566761976931842
    }
  },
  "Stage2": {
    "Expert1": {
      "All": {
        "ACC": 0.9665554454929357,
        "F1": 0.9285401592477982,
        "Pre": 0.9662174333288314,
        "Rec": 0.9157607284396195
      },
      "Common": {
        "ACC": 0.9670968248566867,
        "F1": 0.9556530196755957,
        "Pre": 0.9703796539299732,
        "Rec": 0.950971277712053
      },
      "Fewer": {
        "ACC": 0.8455882352941176,
        "F1": 0.8742019408382548,
        "Pre": 0.9534950343773874,
        "Rec": 0.8470013646484233
      },
      "Rare": {
        "ACC": 0.782608695652174,
        "F1": 0.7680952380952382,
        "Pre": 0.8666666666666666,
        "Rec": 0.7333333333333333
      },
      "aupr": 0.9485449244917317
    },
    "Expert2": {
      "All": {
        "ACC": 0.9636358896824984,
        "F1": 0.9264542423802631,
        "Pre": 0.9603205453263925,
        "Rec": 0.91322669090357
      },
      "Common": {
        "ACC": 0.9641912938774442,
        "F1": 0.9606537983537984,
        "Pre": 0.9656420554809879,
        "Rec": 0.9576659441495834
      },
      "Fewer": {
        "ACC": 0.8529411764705882,
        "F1": 0.8717668529087215,
        "Pre": 0.9355508870214752,
        "Rec": 0.8552143934496875
      },
      "Rare": {
        "ACC": 0.6956521739130435,
        "F1": 0.725,
        "Pre": 0.875,
        "Rec": 0.6583333333333333
      },
      "aupr": 0.9460533130819863
    },
    "Expert3": {
      "All": {
        "ACC": 0.9636098222199051,
        "F1": 0.8998456141894662,
        "Pre": 0.9293317938394284,
        "Rec": 0.8939975940562184
      },
      "Common": {
        "ACC": 0.9643221736512839,
        "F1": 0.9565450398632558,
        "Pre": 0.9686700984692331,
        "Rec": 0.9487664268169871
      },
      "Fewer": {
        "ACC": 0.8235294117647058,
        "F1": 0.8270731566880205,
        "Pre": 0.8534313725490196,
        "Rec": 0.8389750772103712
      },
      "Rare": {
        "ACC": 0.6086956521739131,
        "F1": 0.599047619047619,
        "Pre": 0.7333333333333333,
        "Rec": 0.575
      },
      "aupr": 0.9380729668824321
    },
    "Fused": {
      "All": {
        "ACC": 0.9692925290652208,
        "F1": 0.9406989910500521,
        "Pre": 0.9758208108699202,
        "Rec": 0.9259298304297618
      },
      "Common": {
        "ACC": 0.9697929481977855,
        "F1": 0.9655716518029545,
        "Pre": 0.9732836809815504,
        "Rec": 0.9602544472458737
      },
      "Fewer": {
        "ACC": 0.8602941176470589,
        "F1": 0.8888079059957494,
        "Pre": 0.9718253968253968,
        "Rec": 0.8656288156288156
      },
      "Rare": {
        "ACC": 0.782608695652174,
        "F1": 0.7880952380952381,
        "Pre": 0.9,
        "Rec": 0.7333333333333333
      },
      "aupr": 0.9558140725313105
    }
  }
}